{
    "https-raw-githubusercontent-com-arvest-app-arvest-workshops-refs-heads-main-resources-manifests-videos-scene-a-1985-json": {
        "path": "downloaded_data/workshop-notebook-resources/videos/Scene A (Café Müller, Pina Bausch) ｜ Wuppertal (1985).mp4",
        "manifest_path": "https://raw.githubusercontent.com/ARVEST-APP/arvest-workshops/refs/heads/main/resources/manifests/videos/scene_a_1985.json"
    },
    "https-raw-githubusercontent-com-arvest-app-arvest-workshops-refs-heads-main-resources-manifests-videos-scene-a-2008-2009-a-json": {
        "path": "downloaded_data/workshop-notebook-resources/videos/Scene A (Café Müller, Pina Bausch) ｜ Liceu Opera Barcelona (2008-2009) [A： 2_05-2_50].mp4",
        "manifest_path": "https://raw.githubusercontent.com/ARVEST-APP/arvest-workshops/refs/heads/main/resources/manifests/videos/scene_a_2008-2009_a.json"
    },
    "https-raw-githubusercontent-com-arvest-app-arvest-workshops-refs-heads-main-resources-manifests-videos-scene-a-2008-2009-b-json": {
        "path": "downloaded_data/workshop-notebook-resources/videos/Scene A (Café Müller, Pina Bausch) ｜ Liceu Opera Barcelona (2008-2009) [B： 3_01-3_29].mp4",
        "manifest_path": "https://raw.githubusercontent.com/ARVEST-APP/arvest-workshops/refs/heads/main/resources/manifests/videos/scene_a_2008-2009_b.json"
    },
    "https-raw-githubusercontent-com-arvest-app-arvest-workshops-refs-heads-main-resources-manifests-videos-scene-a-2022-2023-a-json": {
        "path": "downloaded_data/workshop-notebook-resources/videos/Scene A (Café Müller, Pina Bausch) ｜ La vilette Paris (2022-2023 season, Théâtre de la Ville, Paris) [A： 1_04-1_19].mp4",
        "manifest_path": "https://raw.githubusercontent.com/ARVEST-APP/arvest-workshops/refs/heads/main/resources/manifests/videos/scene_a_2022-2023_a.json"
    },
    "https-raw-githubusercontent-com-arvest-app-arvest-workshops-refs-heads-main-resources-manifests-videos-scene-a-2022-2023-b-json": {
        "path": "downloaded_data/workshop-notebook-resources/videos/Scene A (Café Müller, Pina Bausch) ｜ La vilette Paris (2022-2023 season, Théâtre de la Ville, Paris) [B： 1_25-2_32].mp4",
        "manifest_path": "https://raw.githubusercontent.com/ARVEST-APP/arvest-workshops/refs/heads/main/resources/manifests/videos/scene_a_2022-2023_b.json"
    },
    "https-raw-githubusercontent-com-arvest-app-arvest-workshops-refs-heads-main-resources-manifests-videos-scene-b-2011-json": {
        "path": "downloaded_data/workshop-notebook-resources/videos/Scene B (Café Müller, Pina Bausch) ｜ From the film Pina (2011).mp4",
        "manifest_path": "https://raw.githubusercontent.com/ARVEST-APP/arvest-workshops/refs/heads/main/resources/manifests/videos/scene_b_2011.json"
    },
    "https-raw-githubusercontent-com-arvest-app-arvest-workshops-refs-heads-main-resources-manifests-videos-scene-b-2024-json": {
        "path": "downloaded_data/workshop-notebook-resources/videos/Scene B (Café Müller, Pina Bausch) ｜ (2024).mp4",
        "manifest_path": "https://raw.githubusercontent.com/ARVEST-APP/arvest-workshops/refs/heads/main/resources/manifests/videos/scene_b_2024.json"
    }
}